STRINGS.TRADINGSTORE.STOCK	库存	
STRINGS.TRADINGSTORE.BLUEPRINT	蓝图	
STRINGS.TRADINGSTORE.FT_SEASONING_DISHES_TIPS	调味杨枝甘露5个\n调味蜂蜜柚子茶5个\n调味菠萝炒饭5个\n调味水果罐头5个	
STRINGS.TRADINGSTORE.NO_MATERIAL	材料不足	
STRINGS.TRADINGSTORE.NO_FT_COIN	童话币不足	
STRINGS.NAMES.FT_TASK_STRUCTURE	任务建筑	
STRINGS.NAMES.FT_CARAMBOLA	杨桃	
STRINGS.NAMES.FT_ROSELIGHT	路灯	
STRINGS.NAMES.TURF_FT_TURF14	深灰地板	
STRINGS.NAMES.FT_PEBBLE_ITEM	鹅卵石	
STRINGS.NAMES.FT_BREAD	面包	
STRINGS.NAMES.FT_CARAMBOLA_SEEDS_COOKED	烤杨桃种子	
STRINGS.NAMES.THSJ_PEILING	沛玲	
STRINGS.NAMES.GRANARY_NC	粮仓	
STRINGS.NAMES.FT_AVOCADO_OVERSIZED	巨型牛油果	
STRINGS.NAMES.FT_PINEAPPLE_OVERSIZED	巨型菠萝	
STRINGS.NAMES.FT_MAGICHOUSE	魔法商店	
STRINGS.NAMES.FT_TELEGATE_BLUE	童话镇传送门	
STRINGS.NAMES.TURF_FT_TURF7	灰色大石砖	
STRINGS.NAMES.CANARY2	农场动物 金丝雀	
STRINGS.NAMES.THSJ_BLF	菠萝炒饭	
STRINGS.NAMES.FT_PISTACHIO	开心果植株	
STRINGS.NAMES.FT_PINEAPPLE_COOKED	烤菠萝	
STRINGS.NAMES.FT_STONESWORD	石中剑	
STRINGS.NAMES.FT_FUNGI	菌衣	
STRINGS.NAMES.FT_MEDICINE_HEALTH	回血药剂	
STRINGS.NAMES.FT_BUCKET	空木桶	
STRINGS.NAMES.FT_MANGOSTEEN_OVERSIZED_ROTTEN	巨型腐烂山竹	
STRINGS.NAMES.THSJ_ROCKTIPS	音符石	
STRINGS.NAMES.MONKEY2	农场动物 猴子	
STRINGS.NAMES.FT_STRAWBERRY_FAIRY	草莓精灵	
STRINGS.NAMES.FT_CHERRY_OVERSIZED_ROTTEN	巨型腐烂樱桃	
STRINGS.NAMES.FT_YELLOWPEACH_TREE_FULL	黄桃树	
STRINGS.NAMES.THSJ_FMYZC	蜂蜜柚子茶	
STRINGS.NAMES.FARM_PLANT_FT_LICHEE	荔枝植株	
STRINGS.NAMES.FT_HEXSTICK	女巫的魔杖	
STRINGS.NAMES.FT_PINEAPPLE_FAIRY	菠萝精灵	
STRINGS.NAMES.FT_WHEAT_SEED	小麦种子	
STRINGS.NAMES.FARM_PLANT_FT_MANGOSTEEN	山竹植株	
STRINGS.NAMES.CATCOON2	农场动物 浣猫	
STRINGS.NAMES.FT_STRAWBERRY_SEEDS	草莓种子	
STRINGS.NAMES.FT_STRAWBERRY_COOKED	烤草莓	
STRINGS.NAMES.FT_MEDICINE_HAPPY	幸福药剂	
STRINGS.NAMES.FT_AVOCADO_COOKED	烤牛油果	
STRINGS.NAMES.FT_BUILDSTAFF	建家魔法棒	
STRINGS.NAMES.FT_WANXIANGBAG	万象背包	
STRINGS.NAMES.FT_BUNDLEWRAP	魔法打包瓶	
STRINGS.NAMES.TURF_FT_TURF2	格子地砖2	
STRINGS.NAMES.THSJ_WINGS	精灵女王翅膀	
STRINGS.NAMES.FT_LOTUSSTATUE	崇子	
STRINGS.NAMES.FT_AVOCADO_FAIRY	牛油果精灵	
STRINGS.NAMES.GRANARY_NC_BUILT	粮仓蓝图	
STRINGS.NAMES.FT_COIN	童话币	
STRINGS.NAMES.THSJ_TMB	藤蔓鞭	
STRINGS.NAMES.FT_COFFEETABLE	茶几台灯	
STRINGS.NAMES.FT_SUNFLOWER	向日葵	
STRINGS.NAMES.FT_MANGO_SEEDS	芒果种子	
STRINGS.NAMES.FT_SEASONING_DISHES	调味料理	
STRINGS.NAMES.NOCHANGXIAOWU0	农场小屋	
STRINGS.NAMES.FT_TASK_MAIL	工会邮箱	
STRINGS.NAMES.FT_STONECONTAINER	石像箱子	
STRINGS.NAMES.FT_BEARGER_EGG	熊獾蛋	
STRINGS.NAMES.FT_MANGO	芒果	
STRINGS.NAMES.FENCE_NC_BUILT	栅栏蓝图	
STRINGS.NAMES.FT_NAVIGATION	导游处	
STRINGS.NAMES.FT_GRAPEFRUIT_TREE_EMPTY	西柚树	
STRINGS.NAMES.FT_STRAWBERRY_OVERSIZED_WAXED	打过蜡的巨型草莓	
STRINGS.NAMES.FT_CANDLEFLOWER	烛花	
STRINGS.NAMES.FT_STRAWBERRY	草莓	
STRINGS.NAMES.FT_MUD	泥垢	
STRINGS.NAMES.FT_CANDLEFLOWER_ITEM	烛花瓣	
STRINGS.NAMES.FT_LANTERN	灯笼	
STRINGS.NAMES.FT_AUTUMNHAT	秋影帽	
STRINGS.NAMES.FT_POTTEDPLANT	盆栽	
STRINGS.NAMES.FT_LICHEE_OVERSIZED_ROTTEN	巨型腐烂荔枝	
STRINGS.NAMES.FT_SUNFLOWERSEEDS_DRY	熟瓜子	
STRINGS.NAMES.FT_BOTTLELAMP	瓶灯	
STRINGS.NAMES.TURF_FT_TURF13	深灰大格子地板	
STRINGS.NAMES.FT_CHERRY_SEEDS	樱桃种子	
STRINGS.NAMES.FT_YELLOWPEACH	黄桃	
STRINGS.NAMES.FT_BEARGER_FACTORY	熊獾木材厂	
STRINGS.NAMES.COMMAND_STAFF	指挥棒	
STRINGS.NAMES.FT_CRYSTALGRAIN	晶粒	
STRINGS.NAMES.FT_BUCKET_FULL	木桶	
STRINGS.NAMES.FT_PISTACHIOSEEDS_DRY	熟开心果	
STRINGS.NAMES.FT_CHERRY_COOKED	烤樱桃	
STRINGS.NAMES.FT_SUNFLOWERSEEDS	生瓜子	
STRINGS.NAMES.FT_SUNFLOWER_DUG	铲下的向日葵	
STRINGS.NAMES.FT_WISHSTICK	上上签	
STRINGS.NAMES.FT_SINK	洗手盆	
STRINGS.NAMES.FT_SHOWER	花洒	
STRINGS.NAMES.FT_PINEAPPLE	菠萝	
STRINGS.NAMES.FT_PIANO	钢琴	
STRINGS.NAMES.FT_BED	床	
STRINGS.NAMES.FT_DEERCLOPS_EGG	独眼巨鹿蛋	
STRINGS.NAMES.FT_PEBBLE	鹅卵石	
STRINGS.NAMES.FT_YELLOWPEACH_TREE_EMPTY	黄桃树	
STRINGS.NAMES.FT_CLOCK	魔法时钟	
STRINGS.NAMES.FT_DOODLINGCARPET	涂鸦地毯	
STRINGS.NAMES.FT_ALTAR	崇子祭坛	
STRINGS.NAMES.FT_MEDICINE_STRONG	蛮力药剂	
STRINGS.NAMES.FT_POTION_BLUE	加速药水	
STRINGS.NAMES.FT_FUNGITREE	西菌树	
STRINGS.NAMES.FT_LOTUSLEAF_ITEM	荷叶	
STRINGS.NAMES.FT_LOTUSLEAF	荷叶	
STRINGS.NAMES.FT_FOUNTAIN	许愿池	
STRINGS.NAMES.FT_POTION_GREEN	效率药水	
STRINGS.NAMES.FT_POTION_RED	攻击药水	
STRINGS.NAMES.FT_TENT	营地帐篷	
STRINGS.NAMES.FT_DISPLAYCASE	童话展示柜	
STRINGS.NAMES.FT_HOTPOT	派对火锅	
STRINGS.NAMES.FT_HOTPOT_ITEM	派对火锅	
STRINGS.NAMES.FT_CRYSTALORE	晶矿	
STRINGS.NAMES.FT_ROASTER	烘焙机	
STRINGS.NAMES.FT_WHEAT_PLANT	小麦植株	
STRINGS.NAMES.FT_WHEAT	小麦	
STRINGS.NAMES.FT_SWING_DOUBLE	双人秋千	
STRINGS.NAMES.TURF_FT_TURF11	青色石头路	
STRINGS.NAMES.FT_STONESWORD2	升级的石中剑	
STRINGS.NAMES.FT_CARAMBOLA_TREE	杨桃树	
STRINGS.NAMES.FT_FOXBAG	樱色背包	
STRINGS.NAMES.FT_TENTACLE_UMBRELLA	触手伞	
STRINGS.NAMES.FT_ELEPHANTSPRINKLER	小象戏水	
STRINGS.NAMES.MOOSE3	农场动物 麋鹿鹅	
STRINGS.NAMES.BREEDINGBOX_NC_BUILT	种子箱蓝图	
STRINGS.NAMES.BREEDINGBOX_NC	种子箱	
STRINGS.NAMES.NOCHANGXIAOWU	农场小屋	
STRINGS.NAMES.TURF_FT_TURF15	深灰格子地板	
STRINGS.NAMES.TURF_FT_TURF12	沙地1	
STRINGS.NAMES.FT_SWING	单人秋千	
STRINGS.NAMES.TURF_FT_TURF10	浅灰格子地板	
STRINGS.NAMES.TURF_FT_TURF9	浅灰地板	
STRINGS.NAMES.TURF_FT_TURF8	棱形地板	
STRINGS.NAMES.TURF_FT_TURF6	花色石头路	
STRINGS.NAMES.TURF_FT_TURF5	花色格子地板	
STRINGS.NAMES.TURF_FT_TURF1	格子地砖1	
STRINGS.NAMES.FT_DEERCLOPS	独眼巨鹿宝宝	
STRINGS.NAMES.FT_DRAGONFLY	龙蝇宝宝	
STRINGS.NAMES.FT_CHARCOAL	炭块	
STRINGS.NAMES.FT_BEARGER_FACTORY_BROKEN	熊獾木材厂	
STRINGS.NAMES.FT_DEERCLOPS_ICEBOX_2	独眼巨鹿冰箱	
STRINGS.NAMES.FT_DEERCLOPS_ICEBOX_1	独眼巨鹿冰箱	
STRINGS.NAMES.FT_DEERCLOPS_ICEBOX_BROKEN	独眼巨鹿冰箱	
STRINGS.NAMES.FT_DRAGONFLY_FACTORY_1	龙蝇熔炉	
STRINGS.NAMES.FT_DRAGONFLY_FACTORY_BROKEN	龙蝇熔炉	
STRINGS.NAMES.FT_PLANTMA	柳婆婆	
STRINGS.NAMES.FT_YELLOWPEACH_SEEDS_COOKED	烤黄桃种子	
STRINGS.NAMES.FT_YELLOWPEACH_SEEDS	黄桃种子	
STRINGS.NAMES.FT_YELLOWPEACH_TREE_LARGE	黄桃树	
STRINGS.NAMES.FT_YELLOWPEACH_TREE	黄桃树	
STRINGS.NAMES.FT_GRAPEFRUIT_SEEDS_COOKED	烤西柚种子	
STRINGS.NAMES.FT_GRAPEFRUIT_TREE_FULL	西柚树	
STRINGS.NAMES.FT_GRAPEFRUIT_TREE_LARGE	西柚树	
STRINGS.NAMES.FT_GRAPEFRUIT_TREE	西柚树	
STRINGS.NAMES.FT_CARAMBOLA_SEEDS	杨桃种子	
STRINGS.NAMES.FT_CARAMBOLA_TREE_EMPTY	杨桃树	
STRINGS.NAMES.FT_VICIOUSHAT	嘴臭帽	
STRINGS.NAMES.FT_HJMWELL	喵喵水井	
STRINGS.NAMES.FT_HJMHAMMER	喵喵锤	
STRINGS.NAMES.FT_FOXMASK_MALE	狐狸假面	
STRINGS.NAMES.THSJ_BFSGGT	缤纷水果罐头	
STRINGS.NAMES.THSJ_YZGL	杨枝甘露	
STRINGS.NAMES.THSJ_PTJ	葡萄酒	
STRINGS.NAMES.FT_PILLAR_1	花灯柱	
STRINGS.NAMES.FT_YOLII	幽璃	
STRINGS.NAMES.FT_AVOCADO_OVERSIZED_WAXED	打过蜡的巨型牛油果	
STRINGS.NAMES.FT_TELEGATE_GREEN	月台传送门	
STRINGS.NAMES.FT_TRADINGBANK	货币交易行	
STRINGS.NAMES.FT_AVOCADO_OVERSIZED_ROTTEN	巨型腐烂牛油果	
STRINGS.NAMES.FARM_PLANT_FT_AVOCADO	牛油果植株	
STRINGS.NAMES.FT_AVOCADO_SEEDS	牛油果种子	
STRINGS.NAMES.FT_MANGO_OVERSIZED	巨型芒果	
STRINGS.NAMES.FT_MANGO_DRIED	芒果干	
STRINGS.NAMES.FT_MANGO_OVERSIZED_WAXED	打过蜡的巨型芒果	
STRINGS.NAMES.FT_MANGO_OVERSIZED_ROTTEN	巨型腐烂芒果	
STRINGS.NAMES.FARM_PLANT_FT_MANGO	芒果植株	
STRINGS.NAMES.FT_MANGOSTEEN_OVERSIZED	巨型山竹	
STRINGS.NAMES.FT_MANGOSTEEN_COOKED	烤山竹	
STRINGS.NAMES.FT_MANGOSTEEN	山竹	
STRINGS.NAMES.FT_MANGOSTEEN_SEEDS	山竹种子	
STRINGS.NAMES.FT_FIREPLACE	壁炉	
STRINGS.NAMES.FT_PINEAPPLE_OVERSIZED_WAXED	打过蜡的巨型菠萝	
STRINGS.NAMES.FT_PINEAPPLE_OVERSIZED_ROTTEN	巨型腐烂菠萝	
STRINGS.NAMES.FT_PINEAPPLE_SEEDS	菠萝种子	
STRINGS.NAMES.FT_LICHEE_FAIRY	荔枝精灵	
STRINGS.NAMES.FT_LICHEE_OVERSIZED	巨型荔枝	
STRINGS.NAMES.FT_LICHEE_COOKED	烤荔枝	
STRINGS.NAMES.FT_LICHEE_SEEDS	荔枝种子	
STRINGS.NAMES.FT_STRAWBERRY_OVERSIZED_ROTTEN	巨型腐烂草莓	
STRINGS.NAMES.FARM_PLANT_FT_STRAWBERRY	草莓植株	
STRINGS.NAMES.FT_CHERRY_FAIRY	樱桃精灵	
STRINGS.NAMES.FT_CHERRY_OVERSIZED	巨型樱桃	
STRINGS.NAMES.FT_CHERRY	樱桃	
STRINGS.NAMES.WATERINGCAN_FULL	装满的水壶	
STRINGS.NAMES.FT_GRAPEFRUIT_TREE_SMALL	西柚树	
STRINGS.NAMES.FT_YELLOWPEACH_TREE_SMALL	黄桃树	
STRINGS.NAMES.TURF_FT_TURF4	花朵地板	
STRINGS.NAMES.FT_PUZZLE	拼图地毯	
STRINGS.NAMES.FT_CARAMBOLA_TREE_FULL	杨桃树	
STRINGS.NAMES.FT_VICIOUSHAT2	精神正常的嘴臭帽	
STRINGS.NAMES.FT_STRAWBERRY_OVERSIZED	巨型草莓	
STRINGS.NAMES.FT_CHERRY_OVERSIZED_WAXED	打过蜡的巨型樱桃	
STRINGS.NAMES.FT_BREAD_DRY	干面包	
STRINGS.NAMES.FT_DRAGONFLY_FACTORY_2	龙蝇熔炉	
STRINGS.NAMES.FT_MANGO_COOKED	烤芒果	
STRINGS.NAMES.FT_CITYHALL	镇长小屋	
STRINGS.NAMES.FT_MANGO_FAIRY	芒果精灵	
STRINGS.NAMES.FT_ZHAOZI	照子	
STRINGS.NAMES.FT_PISTACHIO_DUG	铲下的开心果植株	
STRINGS.NAMES.FT_YELLOWPEACH_COOKED	烤黄桃	
STRINGS.NAMES.FT_CARAMBOLA_TREE_SMALL	杨桃树	
STRINGS.NAMES.FT_MANGOSTEEN_FAIRY	山竹精灵	
STRINGS.NAMES.FT_GRAPEFRUIT	西柚	
STRINGS.NAMES.FARM_PLANT_FT_CHERRY	樱桃植株	
STRINGS.NAMES.FT_HOMESIGN	猫咪木牌	
STRINGS.NAMES.FT_WORK_ROBOT	阿多	
STRINGS.NAMES.TURF_FT_TURF3	格子地砖3	
STRINGS.NAMES.FT_CRYSTAL	晶矿石	
STRINGS.NAMES.FT_AVOCADO	牛油果	
STRINGS.NAMES.FT_LICHEE	荔枝	
STRINGS.NAMES.FT_PLANTMA_CART	推车	
STRINGS.NAMES.FT_GRAPEFRUIT_SEEDS	西柚种子	
STRINGS.NAMES.FT_GREATLOG	精木	
STRINGS.NAMES.FT_CARAMBOLA_COOKED	烤杨桃	
STRINGS.NAMES.FT_TREELAMP	落地灯	
STRINGS.NAMES.FT_GRAPEFRUIT_COOKED	烤西柚	
STRINGS.NAMES.FENCE_NC	栅栏	
STRINGS.NAMES.FT_BOOKCASE	魔法书柜	
STRINGS.NAMES.FT_HJMHOUSE	喵屋	
STRINGS.NAMES.FT_FLOWERRACK	花盆架	
STRINGS.NAMES.FARM_PLANT_FT_PINEAPPLE	菠萝植株	
STRINGS.NAMES.FT_MAGICSTONE	魔法石	
STRINGS.NAMES.FT_FESTIVALHAT	节日帽	
STRINGS.NAMES.FT_BEACHUMBRELLA	沙滩伞	
STRINGS.NAMES.THSJ_FEILIAO	肥料精华	
STRINGS.NAMES.FT_LICHEE_OVERSIZED_WAXED	打过蜡的巨型荔枝	
STRINGS.NAMES.FT_ARTCRAFT	小型摆件	
STRINGS.NAMES.FT_BEARGER	熊獾宝宝	
STRINGS.NAMES.FT_MAGICSTAFF	多用魔法棒	
STRINGS.NAMES.FT_CARPET	森系地毯	
STRINGS.NAMES.FT_MANGOSTEEN_OVERSIZED_WAXED	打过蜡的巨型山竹	
STRINGS.NAMES.FT_CARAMBOLA_TREE_LARGE	杨桃树	
STRINGS.NAMES.FT_PISTACHIOSEEDS	生开心果	
STRINGS.FAIRY_DISGUST	太残忍了！你把它烤熟了！	
STRINGS.PRETRANSLATED.LANGUAGES_NO.19	아니	
STRINGS.PRETRANSLATED.LANGUAGES_NO.22	否	
STRINGS.PRETRANSLATED.LANGUAGES_NO.21	否	
STRINGS.PRETRANSLATED.LANGUAGES.19	한국어 (Korean)	
STRINGS.PRETRANSLATED.LANGUAGES.22	简体中文 (Simplified Chinese)	
STRINGS.PRETRANSLATED.LANGUAGES.21	繁體中文 (Traditional Chinese)	
STRINGS.PRETRANSLATED.LANGUAGES_BODY.19	인터페이스 언어가 한국어로 설정되어 있습니다. 해당 언어의 번역을 사용 하시겠습니까?	
STRINGS.PRETRANSLATED.LANGUAGES_BODY.22	是否把语言设定为中文？	
STRINGS.PRETRANSLATED.LANGUAGES_BODY.21	是否把語言設定為繁體中文？	
STRINGS.PRETRANSLATED.LANGUAGES_TITLE.19	번역 옵션	
STRINGS.PRETRANSLATED.LANGUAGES_TITLE.22	语言设定	
STRINGS.PRETRANSLATED.LANGUAGES_TITLE.21	語言設定	
STRINGS.PRETRANSLATED.LANGUAGES_YES.19	예	
STRINGS.PRETRANSLATED.LANGUAGES_YES.22	是	
STRINGS.PRETRANSLATED.LANGUAGES_YES.21	是	
STRINGS.CHARACTER_NAMES.thsj_peiling	沛玲	
STRINGS.UI.CRAFTING.NEEDSFAIRY_LOTUS	借用崇子的力量来解锁吧！	
STRINGS.UI.CONTROLSSCREEN.INPUTS.13.1		
STRINGS.UI.CONTROLSSCREEN.INPUTS.13.2		
STRINGS.UI.CONTROLSSCREEN.INPUTS.13.3		
STRINGS.UI.CONTROLSSCREEN.INPUTS.13.4		
STRINGS.UI.CONTROLSSCREEN.INPUTS.13.5		
STRINGS.UI.CONTROLSSCREEN.INPUTS.13.6		
STRINGS.UI.CONTROLSSCREEN.INPUTS.13.7		
STRINGS.UI.CONTROLSSCREEN.INPUTS.13.8		
STRINGS.UI.CONTROLSSCREEN.INPUTS.13.9		
STRINGS.UI.CONTROLSSCREEN.INPUTS.13.10		
STRINGS.UI.CONTROLSSCREEN.INPUTS.13.11		
STRINGS.UI.CONTROLSSCREEN.INPUTS.13.12		
STRINGS.UI.CONTROLSSCREEN.INPUTS.13.13		
STRINGS.UI.CONTROLSSCREEN.INPUTS.13.14		
STRINGS.UI.CONTROLSSCREEN.INPUTS.13.15		
STRINGS.UI.CONTROLSSCREEN.INPUTS.13.16		
STRINGS.UI.CONTROLSSCREEN.INPUTS.13.17		
STRINGS.UI.CONTROLSSCREEN.INPUTS.13.18		
STRINGS.UI.CONTROLSSCREEN.INPUTS.13.19		
STRINGS.UI.CONTROLSSCREEN.INPUTS.13.20		
STRINGS.UI.CONTROLSSCREEN.INPUTS.13.21		
STRINGS.UI.CONTROLSSCREEN.INPUTS.13.22		
STRINGS.UI.CONTROLSSCREEN.INPUTS.13.23		
STRINGS.UI.CONTROLSSCREEN.INPUTS.13.24		
STRINGS.UI.CONTROLSSCREEN.INPUTS.13.25		
STRINGS.UI.CONTROLSSCREEN.INPUTS.13.26		
STRINGS.UI.CONTROLSSCREEN.INPUTS.13.27		
STRINGS.UI.CONTROLSSCREEN.INPUTS.13.28		
STRINGS.UI.CONTROLSSCREEN.INPUTS.13.rstick		
STRINGS.UI.CONTROLSSCREEN.INPUTS.13.dpad		
STRINGS.UI.CONTROLSSCREEN.INPUTS.1.1000		
STRINGS.UI.CONTROLSSCREEN.INPUTS.1.1001		
STRINGS.UI.CONTROLSSCREEN.INPUTS.1.1002		
STRINGS.UI.CONTROLSSCREEN.INPUTS.1.1003		
STRINGS.UI.CONTROLSSCREEN.INPUTS.1.1004		
STRINGS.UI.CONTROLSSCREEN.INPUTS.1.1005		
STRINGS.UI.CONTROLSSCREEN.INPUTS.1.1006		
STRINGS.UI.CONTROLSSCREEN.INPUTS.2.1		
STRINGS.UI.CONTROLSSCREEN.INPUTS.2.2		
STRINGS.UI.CONTROLSSCREEN.INPUTS.2.3		
STRINGS.UI.CONTROLSSCREEN.INPUTS.2.4		
STRINGS.UI.CONTROLSSCREEN.INPUTS.2.5		
STRINGS.UI.CONTROLSSCREEN.INPUTS.2.6		
STRINGS.UI.CONTROLSSCREEN.INPUTS.2.7		
STRINGS.UI.CONTROLSSCREEN.INPUTS.2.8		
STRINGS.UI.CONTROLSSCREEN.INPUTS.2.9		
STRINGS.UI.CONTROLSSCREEN.INPUTS.2.10		
STRINGS.UI.CONTROLSSCREEN.INPUTS.2.11		
STRINGS.UI.CONTROLSSCREEN.INPUTS.2.12		
STRINGS.UI.CONTROLSSCREEN.INPUTS.2.13		
STRINGS.UI.CONTROLSSCREEN.INPUTS.2.14		
STRINGS.UI.CONTROLSSCREEN.INPUTS.2.15		
STRINGS.UI.CONTROLSSCREEN.INPUTS.2.16		
STRINGS.UI.CONTROLSSCREEN.INPUTS.2.17		
STRINGS.UI.CONTROLSSCREEN.INPUTS.2.18		
STRINGS.UI.CONTROLSSCREEN.INPUTS.2.19		
STRINGS.UI.CONTROLSSCREEN.INPUTS.2.20		
STRINGS.UI.CONTROLSSCREEN.INPUTS.2.21		
STRINGS.UI.CONTROLSSCREEN.INPUTS.2.22		
STRINGS.UI.CONTROLSSCREEN.INPUTS.2.23		
STRINGS.UI.CONTROLSSCREEN.INPUTS.2.24		
STRINGS.UI.CONTROLSSCREEN.INPUTS.2.25		
STRINGS.UI.CONTROLSSCREEN.INPUTS.2.26		
STRINGS.UI.CONTROLSSCREEN.INPUTS.2.rstick		
STRINGS.UI.CONTROLSSCREEN.INPUTS.2.dpad		
STRINGS.UI.CONTROLSSCREEN.INPUTS.4.1		
STRINGS.UI.CONTROLSSCREEN.INPUTS.4.2		
STRINGS.UI.CONTROLSSCREEN.INPUTS.4.3		
STRINGS.UI.CONTROLSSCREEN.INPUTS.4.4		
STRINGS.UI.CONTROLSSCREEN.INPUTS.4.5		
STRINGS.UI.CONTROLSSCREEN.INPUTS.4.6		
STRINGS.UI.CONTROLSSCREEN.INPUTS.4.7		
STRINGS.UI.CONTROLSSCREEN.INPUTS.4.8		
STRINGS.UI.CONTROLSSCREEN.INPUTS.4.9		
STRINGS.UI.CONTROLSSCREEN.INPUTS.4.10		
STRINGS.UI.CONTROLSSCREEN.INPUTS.4.11		
STRINGS.UI.CONTROLSSCREEN.INPUTS.4.12		
STRINGS.UI.CONTROLSSCREEN.INPUTS.4.13		
STRINGS.UI.CONTROLSSCREEN.INPUTS.4.14		
STRINGS.UI.CONTROLSSCREEN.INPUTS.4.15		
STRINGS.UI.CONTROLSSCREEN.INPUTS.4.16		
STRINGS.UI.CONTROLSSCREEN.INPUTS.4.17		
STRINGS.UI.CONTROLSSCREEN.INPUTS.4.18		
STRINGS.UI.CONTROLSSCREEN.INPUTS.4.19		
STRINGS.UI.CONTROLSSCREEN.INPUTS.4.20		
STRINGS.UI.CONTROLSSCREEN.INPUTS.4.21		
STRINGS.UI.CONTROLSSCREEN.INPUTS.4.22		
STRINGS.UI.CONTROLSSCREEN.INPUTS.4.23		
STRINGS.UI.CONTROLSSCREEN.INPUTS.4.24		
STRINGS.UI.CONTROLSSCREEN.INPUTS.4.25		
STRINGS.UI.CONTROLSSCREEN.INPUTS.4.26		
STRINGS.UI.CONTROLSSCREEN.INPUTS.4.rstick		
STRINGS.UI.CONTROLSSCREEN.INPUTS.4.dpad		
STRINGS.UI.CONTROLSSCREEN.INPUTS.8.1		
STRINGS.UI.CONTROLSSCREEN.INPUTS.8.2		
STRINGS.UI.CONTROLSSCREEN.INPUTS.8.3		
STRINGS.UI.CONTROLSSCREEN.INPUTS.8.4		
STRINGS.UI.CONTROLSSCREEN.INPUTS.8.5		
STRINGS.UI.CONTROLSSCREEN.INPUTS.8.6		
STRINGS.UI.CONTROLSSCREEN.INPUTS.8.7		
STRINGS.UI.CONTROLSSCREEN.INPUTS.8.8		
STRINGS.UI.CONTROLSSCREEN.INPUTS.8.9		
STRINGS.UI.CONTROLSSCREEN.INPUTS.8.10		
STRINGS.UI.CONTROLSSCREEN.INPUTS.8.11		
STRINGS.UI.CONTROLSSCREEN.INPUTS.8.12		
STRINGS.UI.CONTROLSSCREEN.INPUTS.8.13		
STRINGS.UI.CONTROLSSCREEN.INPUTS.8.14		
STRINGS.UI.CONTROLSSCREEN.INPUTS.8.15		
STRINGS.UI.CONTROLSSCREEN.INPUTS.8.16		
STRINGS.UI.CONTROLSSCREEN.INPUTS.8.17		
STRINGS.UI.CONTROLSSCREEN.INPUTS.8.18		
STRINGS.UI.CONTROLSSCREEN.INPUTS.8.19		
STRINGS.UI.CONTROLSSCREEN.INPUTS.8.20		
STRINGS.UI.CONTROLSSCREEN.INPUTS.8.21		
STRINGS.UI.CONTROLSSCREEN.INPUTS.8.22		
STRINGS.UI.CONTROLSSCREEN.INPUTS.8.23		
STRINGS.UI.CONTROLSSCREEN.INPUTS.8.24		
STRINGS.UI.CONTROLSSCREEN.INPUTS.8.25		
STRINGS.UI.CONTROLSSCREEN.INPUTS.8.26		
STRINGS.UI.CONTROLSSCREEN.INPUTS.8.rstick		
STRINGS.UI.CONTROLSSCREEN.INPUTS.8.dpad		
STRINGS.UI.CONTROLSSCREEN.INPUTS.5.2		
STRINGS.UI.CONTROLSSCREEN.INPUTS.5.3		
STRINGS.UI.CONTROLSSCREEN.INPUTS.5.4		
STRINGS.UI.CONTROLSSCREEN.INPUTS.5.5		
STRINGS.UI.CONTROLSSCREEN.INPUTS.5.6		
STRINGS.UI.CONTROLSSCREEN.INPUTS.5.7		
STRINGS.UI.CONTROLSSCREEN.INPUTS.5.8		
STRINGS.UI.CONTROLSSCREEN.INPUTS.5.9		
STRINGS.UI.CONTROLSSCREEN.INPUTS.5.10		
STRINGS.UI.CONTROLSSCREEN.INPUTS.5.11		
STRINGS.UI.CONTROLSSCREEN.INPUTS.5.12		
STRINGS.UI.CONTROLSSCREEN.INPUTS.5.13		
STRINGS.UI.CONTROLSSCREEN.INPUTS.5.14		
STRINGS.UI.CONTROLSSCREEN.INPUTS.5.15		
STRINGS.UI.CONTROLSSCREEN.INPUTS.5.16		
STRINGS.UI.CONTROLSSCREEN.INPUTS.5.21		
STRINGS.UI.CONTROLSSCREEN.INPUTS.5.22		
STRINGS.UI.CONTROLSSCREEN.INPUTS.5.23		
STRINGS.UI.CONTROLSSCREEN.INPUTS.5.24		
STRINGS.UI.CONTROLSSCREEN.INPUTS.5.25		
STRINGS.UI.CONTROLSSCREEN.INPUTS.5.26		
STRINGS.UI.CONTROLSSCREEN.INPUTS.5.27		
STRINGS.UI.CONTROLSSCREEN.INPUTS.5.28		
STRINGS.UI.CONTROLSSCREEN.INPUTS.5.29		
STRINGS.UI.CONTROLSSCREEN.INPUTS.5.30		
STRINGS.UI.CONTROLSSCREEN.INPUTS.5.31		
STRINGS.UI.CONTROLSSCREEN.INPUTS.5.32		
STRINGS.UI.CONTROLSSCREEN.INPUTS.5.33		
STRINGS.UI.CONTROLSSCREEN.INPUTS.5.rstick		
STRINGS.UI.CONTROLSSCREEN.INPUTS.5.dpad		
STRINGS.UI.CONTROLSSCREEN.INPUTS.10.1		
STRINGS.UI.CONTROLSSCREEN.INPUTS.10.2		
STRINGS.UI.CONTROLSSCREEN.INPUTS.10.3		
STRINGS.UI.CONTROLSSCREEN.INPUTS.10.4		
STRINGS.UI.CONTROLSSCREEN.INPUTS.10.5		
STRINGS.UI.CONTROLSSCREEN.INPUTS.10.6		
STRINGS.UI.CONTROLSSCREEN.INPUTS.10.7		
STRINGS.UI.CONTROLSSCREEN.INPUTS.10.8		
STRINGS.UI.CONTROLSSCREEN.INPUTS.10.9		
STRINGS.UI.CONTROLSSCREEN.INPUTS.10.10		
STRINGS.UI.CONTROLSSCREEN.INPUTS.10.11		
STRINGS.UI.CONTROLSSCREEN.INPUTS.10.12		
STRINGS.UI.CONTROLSSCREEN.INPUTS.10.13		
STRINGS.UI.CONTROLSSCREEN.INPUTS.10.14		
STRINGS.UI.CONTROLSSCREEN.INPUTS.10.15		
STRINGS.UI.CONTROLSSCREEN.INPUTS.10.16		
STRINGS.UI.CONTROLSSCREEN.INPUTS.10.17		
STRINGS.UI.CONTROLSSCREEN.INPUTS.10.18		
STRINGS.UI.CONTROLSSCREEN.INPUTS.10.19		
STRINGS.UI.CONTROLSSCREEN.INPUTS.10.20		
STRINGS.UI.CONTROLSSCREEN.INPUTS.10.21		
STRINGS.UI.CONTROLSSCREEN.INPUTS.10.22		
STRINGS.UI.CONTROLSSCREEN.INPUTS.10.23		
STRINGS.UI.CONTROLSSCREEN.INPUTS.10.24		
STRINGS.UI.CONTROLSSCREEN.INPUTS.10.25		
STRINGS.UI.CONTROLSSCREEN.INPUTS.10.26		
STRINGS.UI.CONTROLSSCREEN.INPUTS.10.27		
STRINGS.UI.CONTROLSSCREEN.INPUTS.10.28		
STRINGS.UI.CONTROLSSCREEN.INPUTS.10.rstick		
STRINGS.UI.CONTROLSSCREEN.INPUTS.10.dpad		
STRINGS.UI.CONTROLSSCREEN.INPUTS.14.2		
STRINGS.UI.CONTROLSSCREEN.INPUTS.14.3		
STRINGS.UI.CONTROLSSCREEN.INPUTS.14.4		
STRINGS.UI.CONTROLSSCREEN.INPUTS.14.5		
STRINGS.UI.CONTROLSSCREEN.INPUTS.14.6		
STRINGS.UI.CONTROLSSCREEN.INPUTS.14.7		
STRINGS.UI.CONTROLSSCREEN.INPUTS.14.8		
STRINGS.UI.CONTROLSSCREEN.INPUTS.14.9		
STRINGS.UI.CONTROLSSCREEN.INPUTS.14.10		
STRINGS.UI.CONTROLSSCREEN.INPUTS.14.11		
STRINGS.UI.CONTROLSSCREEN.INPUTS.14.12		
STRINGS.UI.CONTROLSSCREEN.INPUTS.14.13		
STRINGS.UI.CONTROLSSCREEN.INPUTS.14.14		
STRINGS.UI.CONTROLSSCREEN.INPUTS.14.15		
STRINGS.UI.CONTROLSSCREEN.INPUTS.14.16		
STRINGS.UI.CONTROLSSCREEN.INPUTS.14.21		
STRINGS.UI.CONTROLSSCREEN.INPUTS.14.22		
STRINGS.UI.CONTROLSSCREEN.INPUTS.14.23		
STRINGS.UI.CONTROLSSCREEN.INPUTS.14.24		
STRINGS.UI.CONTROLSSCREEN.INPUTS.14.25		
STRINGS.UI.CONTROLSSCREEN.INPUTS.14.26		
STRINGS.UI.CONTROLSSCREEN.INPUTS.14.27		
STRINGS.UI.CONTROLSSCREEN.INPUTS.14.28		
STRINGS.UI.CONTROLSSCREEN.INPUTS.14.29		
STRINGS.UI.CONTROLSSCREEN.INPUTS.14.30		
STRINGS.UI.CONTROLSSCREEN.INPUTS.14.31		
STRINGS.UI.CONTROLSSCREEN.INPUTS.14.32		
STRINGS.UI.CONTROLSSCREEN.INPUTS.14.33		
STRINGS.UI.CONTROLSSCREEN.INPUTS.14.rstick		
STRINGS.UI.CONTROLSSCREEN.INPUTS.14.dpad		
STRINGS.UI.CONTROLSSCREEN.INPUTS.12.2		
STRINGS.UI.CONTROLSSCREEN.INPUTS.12.3		
STRINGS.UI.CONTROLSSCREEN.INPUTS.12.4		
STRINGS.UI.CONTROLSSCREEN.INPUTS.12.5		
STRINGS.UI.CONTROLSSCREEN.INPUTS.12.6		
STRINGS.UI.CONTROLSSCREEN.INPUTS.12.7		
STRINGS.UI.CONTROLSSCREEN.INPUTS.12.8		
STRINGS.UI.CONTROLSSCREEN.INPUTS.12.9		
STRINGS.UI.CONTROLSSCREEN.INPUTS.12.10		
STRINGS.UI.CONTROLSSCREEN.INPUTS.12.11		
STRINGS.UI.CONTROLSSCREEN.INPUTS.12.12		
STRINGS.UI.CONTROLSSCREEN.INPUTS.12.13		
STRINGS.UI.CONTROLSSCREEN.INPUTS.12.14		
STRINGS.UI.CONTROLSSCREEN.INPUTS.12.15		
STRINGS.UI.CONTROLSSCREEN.INPUTS.12.16		
STRINGS.UI.CONTROLSSCREEN.INPUTS.12.21		
STRINGS.UI.CONTROLSSCREEN.INPUTS.12.22		
STRINGS.UI.CONTROLSSCREEN.INPUTS.12.23		
STRINGS.UI.CONTROLSSCREEN.INPUTS.12.24		
STRINGS.UI.CONTROLSSCREEN.INPUTS.12.25		
STRINGS.UI.CONTROLSSCREEN.INPUTS.12.26		
STRINGS.UI.CONTROLSSCREEN.INPUTS.12.27		
STRINGS.UI.CONTROLSSCREEN.INPUTS.12.28		
STRINGS.UI.CONTROLSSCREEN.INPUTS.12.29		
STRINGS.UI.CONTROLSSCREEN.INPUTS.12.30		
STRINGS.UI.CONTROLSSCREEN.INPUTS.12.31		
STRINGS.UI.CONTROLSSCREEN.INPUTS.12.32		
STRINGS.UI.CONTROLSSCREEN.INPUTS.12.33		
STRINGS.UI.CONTROLSSCREEN.INPUTS.12.rstick		
STRINGS.UI.CONTROLSSCREEN.INPUTS.12.dpad		
STRINGS.UI.CONTROLSSCREEN.INPUTS.11.1		
STRINGS.UI.CONTROLSSCREEN.INPUTS.11.2		
STRINGS.UI.CONTROLSSCREEN.INPUTS.11.3		
STRINGS.UI.CONTROLSSCREEN.INPUTS.11.4		
STRINGS.UI.CONTROLSSCREEN.INPUTS.11.5		
STRINGS.UI.CONTROLSSCREEN.INPUTS.11.6		
STRINGS.UI.CONTROLSSCREEN.INPUTS.11.7		
STRINGS.UI.CONTROLSSCREEN.INPUTS.11.8		
STRINGS.UI.CONTROLSSCREEN.INPUTS.11.9		
STRINGS.UI.CONTROLSSCREEN.INPUTS.11.10		
STRINGS.UI.CONTROLSSCREEN.INPUTS.11.11		
STRINGS.UI.CONTROLSSCREEN.INPUTS.11.12		
STRINGS.UI.CONTROLSSCREEN.INPUTS.11.13		
STRINGS.UI.CONTROLSSCREEN.INPUTS.11.14		
STRINGS.UI.CONTROLSSCREEN.INPUTS.11.15		
STRINGS.UI.CONTROLSSCREEN.INPUTS.11.16		
STRINGS.UI.CONTROLSSCREEN.INPUTS.11.17		
STRINGS.UI.CONTROLSSCREEN.INPUTS.11.18		
STRINGS.UI.CONTROLSSCREEN.INPUTS.11.19		
STRINGS.UI.CONTROLSSCREEN.INPUTS.11.20		
STRINGS.UI.CONTROLSSCREEN.INPUTS.11.21		
STRINGS.UI.CONTROLSSCREEN.INPUTS.11.22		
STRINGS.UI.CONTROLSSCREEN.INPUTS.11.23		
STRINGS.UI.CONTROLSSCREEN.INPUTS.11.24		
STRINGS.UI.CONTROLSSCREEN.INPUTS.11.25		
STRINGS.UI.CONTROLSSCREEN.INPUTS.11.26		
STRINGS.UI.CONTROLSSCREEN.INPUTS.11.rstick		
STRINGS.UI.CONTROLSSCREEN.INPUTS.11.285		
STRINGS.UI.CONTROLSSCREEN.INPUTS.11.284		
STRINGS.UI.CONTROLSSCREEN.INPUTS.11.dpad		
STRINGS.UI.CONTROLSSCREEN.INPUTS.11.282		
STRINGS.UI.CONTROLSSCREEN.INPUTS.11.283		
STRINGS.UI.CRAFTING_FILTERS.FAIRY_FURNITURE	童话家具	
STRINGS.UI.CRAFTING_FILTERS.FAIRY_TALES	童话工具	
STRINGS.UI.CRAFTING_FILTERS.FAIRY_LOTUS	崇子	
STRINGS.UI.CRAFTING_FILTERS.FAIRY_FESTIVAL	童话节日庆典	
STRINGS.ACTIONS.FOLLOW	跟随	
STRINGS.ACTIONS.FT_GOTOBED	睡大觉	
STRINGS.ACTIONS.FT_COOK	烹饪	
STRINGS.ACTIONS.FT_PICK	采集	
STRINGS.ACTIONS.FT_TRADE	交易	
STRINGS.ACTIONS.FT_PLAYPIANO	弹钢琴	
STRINGS.ACTIONS.FT_WORK_ROBOT_WORKONDEERCLOPS_TARGET	放置	
STRINGS.ACTIONS.FT_CHANGEMASK	切换	
STRINGS.ACTIONS.FT_REPAIR	修复	
STRINGS.ACTIONS.FT_SITSWING	坐上	
STRINGS.ACTIONS.FT_HAMMER	敲	
STRINGS.ACTIONS.GK_WORK_ROBOT_REPAIR	修理	
STRINGS.ACTIONS.FT_OPEN_TASK_UI	打开任务面板	
STRINGS.ACTIONS.FT_HOMESIGN_RIGHT	MOD介绍	
STRINGS.ACTIONS.JUMPIN.FT_TELEGATE	启动	
STRINGS.ACTIONS.FT_THROWCOIN	投币	
STRINGS.ACTIONS.FT_UPGRADE	升级	
STRINGS.ACTIONS.FT_CUTFUNGI	刮皮	
STRINGS.ACTIONS.FT_HEXSTICK	施放魔法	
STRINGS.ACTIONS.FT_HOTPOT	吃火锅	
STRINGS.ACTIONS.FT_WORK_ROBOT_WORKONDEERCLOPS_START	拾取	
STRINGS.ACTIONS.FT_WORK_ROBOT_HARVEST	收获	
STRINGS.ACTIONS.FT_DRAGONFLY_WORK	工作	
STRINGS.ACTIONS.GK_WORK_ROBOT_LAND	降落	
STRINGS.ACTIONS.CARE_PLANT	照顾植物	
STRINGS.ACTIONS.FT_COOK_CLOSE	关闭	
STRINGS.ACTIONS.FT_BEARGER_WORK	工作	
STRINGS.ACTIONS.FT_DEERCLOPS_WORK	工作	
STRINGS.ACTIONS.FT_RUMMAGE	打开	
STRINGS.ACTIONS.WAIT	等着	
STRINGS.ACTIONS.FT_SINK	洗手手	
STRINGS.ACTIONS.FT_HOMESIGN_LEFT	童话岛线索	
STRINGS.ACTIONS.APPLYCONSTRUCTION.NOCHANGXIAOWU	升级	
STRINGS.ACTIONS.FT_SHOWER	洗澡澡	
STRINGS.CHARACTER_QUOTES.thsj_peiling	"我要复活所有的精灵！！"	
STRINGS.RECIPE_DESC.TURF_FT_TURF14	使用蓝图解锁配方	
STRINGS.RECIPE_DESC.FT_ROASTER	烘焙各类食物	
STRINGS.RECIPE_DESC.FT_SWING	每秒恢复5血量和5精神值，降低5潮湿度	
STRINGS.RECIPE_DESC.FT_BOTTLELAMP	发光的瓶灯	
STRINGS.RECIPE_DESC.FT_POTION_RED	永久提升25%攻击伤害，死亡后效果消失	
STRINGS.RECIPE_DESC.TURF_FT_TURF7	使用蓝图解锁配方	
STRINGS.RECIPE_DESC.FT_TENTACLE_UMBRELLA	好像可以当武器~	
STRINGS.RECIPE_DESC.FT_FIREPLACE	暖呼呼的壁炉~	
STRINGS.RECIPE_DESC.FT_HOTPOT_ITEM	大家一起来吃火锅，三维各回150点了~	
STRINGS.RECIPE_DESC.FT_DEERCLOPS_ICEBOX_1	独眼巨鹿冰箱	
STRINGS.RECIPE_DESC.TURF_FT_TURF4	使用蓝图解锁配方	
STRINGS.RECIPE_DESC.FT_POTION_GREEN	永久提升2倍工作效率，死亡后效果消失	
STRINGS.RECIPE_DESC.FT_LOTUSLEAF_ITEM	可以踩上去的荷叶	
STRINGS.RECIPE_DESC.FT_BUCKET	打水	
STRINGS.RECIPE_DESC.FT_VICIOUSHAT2	你是没被骂过吗	
STRINGS.RECIPE_DESC.THSJ_ROCKTIPS	建家用的小石头	
STRINGS.RECIPE_DESC.FT_WISHSTICK	2025年除夕庆典	
STRINGS.RECIPE_DESC.FT_FOXMASK_MALE	周围亮起来了耶	
STRINGS.RECIPE_DESC.FT_PEBBLE_ITEM	好多个安静的鹅卵石	
STRINGS.RECIPE_DESC.FT_HEXSTICK	召唤月圆、催熟植物、呼风唤雨、召唤月黑、召唤雷电	
STRINGS.RECIPE_DESC.TURF_FT_TURF10	使用蓝图解锁配方	
STRINGS.RECIPE_DESC.FT_POTION_BLUE	永久加速15%，死亡后效果消失	
STRINGS.RECIPE_DESC.FT_BUILDSTAFF	改造你的小家	
STRINGS.RECIPE_DESC.FT_WANXIANGBAG	14格背包，90%护甲，无耐久，可升级堆叠功能	
STRINGS.RECIPE_DESC.TURF_FT_TURF2	使用蓝图解锁配方	
STRINGS.RECIPE_DESC.FT_DISPLAYCASE	物品展示柜，箱子	
STRINGS.RECIPE_DESC.TURF_FT_TURF11	使用蓝图解锁配方	
STRINGS.RECIPE_DESC.FT_TENT	大家一起搭建的营地帐篷	
STRINGS.RECIPE_DESC.FT_COIN	装满植物的小推车~耶	
STRINGS.RECIPE_DESC.THSJ_TMB	攻击力不错的藤蔓鞭	
STRINGS.RECIPE_DESC.FT_COFFEETABLE	一个会发光的茶几	
STRINGS.RECIPE_DESC.TURF_FT_TURF15	使用蓝图解锁配方	
STRINGS.RECIPE_DESC.NOCHANGXIAOWU0	给小动物建造一个安心的家，他们会帮助你照顾农田~	
STRINGS.RECIPE_DESC.FT_TASK_MAIL	工会邮箱	
STRINGS.RECIPE_DESC.FT_STONECONTAINER	是个奇形怪状的箱子呢	
STRINGS.RECIPE_DESC.FT_TREELAMP	会发光的树	
STRINGS.RECIPE_DESC.TURF_FT_TURF12	使用蓝图解锁配方	
STRINGS.RECIPE_DESC.FT_PIANO	成为贝多芬的第一步	
STRINGS.RECIPE_DESC.FT_TASK_STRUCTURE	任务建筑	
STRINGS.RECIPE_DESC.FT_BOOKCASE	魔法会修复书籍	
STRINGS.RECIPE_DESC.FT_FLOWERRACK	花架，内带9格子	
STRINGS.RECIPE_DESC.FT_LANTERN	发光的灯笼	
STRINGS.RECIPE_DESC.FT_MAGICSTONE	炎炎夏日，寒冰酷暑必备	
STRINGS.RECIPE_DESC.FT_BEACHUMBRELLA	100%防雨，恢复精神值	
STRINGS.RECIPE_DESC.THSJ_FEILIAO	可将催熟到成熟状态	
STRINGS.RECIPE_DESC.FT_PUZZLE	拼图小地毯	
STRINGS.RECIPE_DESC.FT_FESTIVALHAT	2025年除夕庆典	
STRINGS.RECIPE_DESC.FT_SINK	洗干净你的手手，增加卫生值	
STRINGS.RECIPE_DESC.FT_FOXBAG	14个格子、有返鲜效果	
STRINGS.RECIPE_DESC.FT_POTTEDPLANT	用植物装饰你的小家	
STRINGS.RECIPE_DESC.FT_HJMHAMMER	小猫咪我呀可是很凶的哦~	
STRINGS.RECIPE_DESC.FT_DOODLINGCARPET	涂鸦小地毯	
STRINGS.RECIPE_DESC.FT_CARPET	毛茸茸的大地毯	
STRINGS.RECIPE_DESC.FT_LOTUSLEAF	可以踩上去的荷叶	
STRINGS.RECIPE_DESC.FT_ROSELIGHT	照亮你回家的路	
STRINGS.RECIPE_DESC.FT_BUNDLEWRAP	这是瓶子，还是一个小行李箱？	
STRINGS.RECIPE_DESC.FT_SWING_DOUBLE	每秒恢复5血量和5精神值，降低5潮湿度	
STRINGS.RECIPE_DESC.FT_STONESWORD2	升级后的石中剑，加攻击加移速	
STRINGS.RECIPE_DESC.FT_DRAGONFLY_FACTORY_1	龙蝇熔炉	
STRINGS.RECIPE_DESC.FT_ARTCRAFT	小型摆件	
STRINGS.RECIPE_DESC.FT_ELEPHANTSPRINKLER	仓库，防火防枯萎	
STRINGS.RECIPE_DESC.TURF_FT_TURF9	使用蓝图解锁配方	
STRINGS.RECIPE_DESC.TURF_FT_TURF8	使用蓝图解锁配方	
STRINGS.RECIPE_DESC.TURF_FT_TURF6	使用蓝图解锁配方	
STRINGS.RECIPE_DESC.TURF_FT_TURF5	使用蓝图解锁配方	
STRINGS.RECIPE_DESC.TURF_FT_TURF3	使用蓝图解锁配方	
STRINGS.RECIPE_DESC.TURF_FT_TURF1	使用蓝图解锁配方	
STRINGS.RECIPE_DESC.FT_MAGICSTAFF	多用工具	
STRINGS.RECIPE_DESC.FT_PLANTMA_CART	装满植物的小推车~耶	
STRINGS.RECIPE_DESC.FT_VICIOUSHAT	这是一个被诅咒的帽子，或许可以挡雨	
STRINGS.RECIPE_DESC.FT_HJMWELL	咕噜咕噜咕噜··？！有水源吗？	
STRINGS.RECIPE_DESC.FT_CLOCK	它会帮我记录时间	
STRINGS.RECIPE_DESC.THSJ_WINGS	耐久度500,护甲90%	
STRINGS.RECIPE_DESC.FT_PILLAR_1	它？好像会发光？	
STRINGS.RECIPE_DESC.FT_AUTUMNHAT	发光头盔	
STRINGS.RECIPE_DESC.TURF_FT_TURF13	使用蓝图解锁配方	
STRINGS.RECIPE_DESC.FT_BEARGER_FACTORY	熊獾木材厂	
STRINGS.RECIPE_DESC.COMMAND_STAFF	有了这个，我就是混乱的指挥大师！	
STRINGS.RECIPE_DESC.FT_BED	一个平平无奇的床	
STRINGS.RECIPE_DESC.FT_SHOWER	洗去身上的污渍，增加卫生值	
STRINGS.CHARACTER_SURVIVABILITY.thsj_peiling	我要复活所有精灵！生存我一定能克服！	
STRINGS.FT_VICIOUSHAT.low_sanity.1	你再不做点什么，我就要换个头玩玩了~	
STRINGS.FT_VICIOUSHAT.low_sanity.2	换个头~换个头~终于要换头了~好耶！	
STRINGS.FT_VICIOUSHAT.low_sanity.3	真是个愚蠢的人类，你困了不知道睡觉吗？！	
STRINGS.FT_VICIOUSHAT.chatting_1.1	知道我为什么在你头上吗？因为你是我的跟班！	
STRINGS.FT_VICIOUSHAT.chatting_1.2	岛屿的东边有个老太婆，从我出生就一直站在那里，说是要等到充满智慧的人	
STRINGS.FT_VICIOUSHAT.chatting_1.3	什么？！你说地里会长出来小精灵？！！	
STRINGS.FT_VICIOUSHAT.chatting_1.4	天气这么好，你为什么不戴着我去海边晒晒太阳！！	
STRINGS.FT_VICIOUSHAT.chatting_1.5	我刚来这个世界的时候，可吓人了，那些生物他们长的可真丑，一个眼睛瞪老大了！	
STRINGS.FT_VICIOUSHAT.built.1	把你的臭手拿开！	
STRINGS.FT_VICIOUSHAT.built.2	呦，这是那个倒霉蛋？	
STRINGS.FT_VICIOUSHAT.built.3	啥？你去找了岛屿上的老太婆吗？	
STRINGS.FT_VICIOUSHAT.built.4	看什么看？没见过靓仔？	
STRINGS.FT_VICIOUSHAT.built.5	我猜你肯定在夸我真好看，真是个没见过世面的小可爱	
STRINGS.FT_VICIOUSHAT.built.6	靓仔我终于重见天日	
STRINGS.FT_VICIOUSHAT.on_dropped.1	你给我回来！！回来！#$@!%	
STRINGS.FT_VICIOUSHAT.chatting_4.5	但是，他拿我没辙啊！！啊哈哈哈哈哈，想打我也是先打你！！哈哈哈哈	
STRINGS.FT_VICIOUSHAT.chatting_3.2	可是这世间哪有那么多聪明的人。。。真是痴心妄想！	
STRINGS.FT_VICIOUSHAT.chatting_3.3	植物天天吃粑粑，一点营养都没有，怎么可能会成精！	
STRINGS.FT_VICIOUSHAT.chatting_3.4	就会爬到你的头皮上，那不是很好玩！！哈哈哈哈	
STRINGS.FT_VICIOUSHAT.chatting_3.5	啊对，独眼巨鹿，妈耶，太暴力了！能拆城墙呢！！不仅丑还暴力！	
STRINGS.FT_VICIOUSHAT.equipped.1	BIG胆，居然想控制我，放我下来	
STRINGS.FT_VICIOUSHAT.chatting_2.1	看到大哥要说大哥好，要贴地鞠躬！	
STRINGS.FT_VICIOUSHAT.chatting_2.2	那个人会让大陆重新焕发生机，什么虫子飞哇，植物种满地哇，想的还挺多！	
STRINGS.FT_VICIOUSHAT.chatting_2.3	那老太婆说的是真的？？！不对不对！	
STRINGS.FT_VICIOUSHAT.chatting_2.4	哦，对，也不用提醒你，等帽子上长满小虫子	
STRINGS.FT_VICIOUSHAT.chatting_2.5	生怕别人不知道他只有一只眼睛。他们好像叫他独····眼···什么鹿？	
STRINGS.FAIRY_CURSE.1	在干了在干了, 别催了!	
STRINGS.FAIRY_CURSE.2	在催我就哭给你看!	
STRINGS.CHARACTER_TITLES.thsj_peiling	植物精灵	
STRINGS.CHARACTER_DESCRIPTIONS.thsj_peiling	*孩童状态，三维偏低\n*对世界充满好奇心，通过发现新鲜事物升级人物三维\n*喜欢和植物待在一起	
STRINGS.RMB		
STRINGS.LMB		
STRINGS.CHARACTERS.GENERIC.DESCRIBE.FT_TASK_STRUCTURE	任务建筑	
STRINGS.CHARACTERS.GENERIC.DESCRIBE.FT_CARAMBOLA	会发光的杨桃耶~！	
STRINGS.CHARACTERS.GENERIC.DESCRIBE.FT_ROSELIGHT	这路灯是怎么亮起来的？没有火，也没有电...	
STRINGS.CHARACTERS.GENERIC.DESCRIBE.GRANARY_NC	储粮能手！	
STRINGS.CHARACTERS.GENERIC.DESCRIBE.FT_AVOCADO_OVERSIZED	这么可爱，我都不忍心吃了怎么办。	
STRINGS.CHARACTERS.GENERIC.DESCRIBE.FT_PINEAPPLE_OVERSIZED	这么可爱，我都不忍心吃了怎么办。	
STRINGS.CHARACTERS.GENERIC.DESCRIBE.FT_TELEGATE_BLUE	传送门耶～	
STRINGS.CHARACTERS.GENERIC.DESCRIBE.TURF_FT_TURF7	灰色大石砖	
STRINGS.CHARACTERS.GENERIC.DESCRIBE.CANARY2	一只小黄鸟，看起来很优雅。	
STRINGS.CHARACTERS.GENERIC.DESCRIBE.FT_PISTACHIO	阳光？水分？一切刚刚好，准备好迎接一片丰收吧！	
STRINGS.CHARACTERS.GENERIC.DESCRIBE.FT_PINEAPPLE_COOKED	烤水果？怪怪的味道。	
STRINGS.CHARACTERS.GENERIC.DESCRIBE.FT_STONESWORD	一把被困在石头中的剑……就像我的心被悲伤束缚一样	
STRINGS.CHARACTERS.GENERIC.DESCRIBE.FT_FUNGI	一个充满神秘的小菌衣	
STRINGS.CHARACTERS.GENERIC.DESCRIBE.FT_BUCKET	装水的木桶	
STRINGS.CHARACTERS.GENERIC.DESCRIBE.FT_PINEAPPLE_OVERSIZED_WAXED	这么可爱，我都不忍心吃了怎么办。	
STRINGS.CHARACTERS.GENERIC.DESCRIBE.FARM_PLANT_FT_STRAWBERRY	希望它可以培育出小精灵。	
STRINGS.CHARACTERS.GENERIC.DESCRIBE.FT_MANGOSTEEN_OVERSIZED_ROTTEN	我不该放着它不管的，它快要消失了。	
STRINGS.CHARACTERS.GENERIC.DESCRIBE.THSJ_ROCKTIPS	这上面的符号有什么特殊意义吗	
STRINGS.CHARACTERS.GENERIC.DESCRIBE.MONKEY2	我敢打赌，它比看起来更聪明。	
STRINGS.CHARACTERS.GENERIC.DESCRIBE.FT_STRAWBERRY_FAIRY	好帮手，她会帮我照顾草莓欸~!	
STRINGS.CHARACTERS.GENERIC.DESCRIBE.FT_FOXMASK_MALE	谁把玩具丢了	
STRINGS.CHARACTERS.GENERIC.DESCRIBE.FARM_PLANT_FT_LICHEE	希望它可以培育出小精灵。	
STRINGS.CHARACTERS.GENERIC.DESCRIBE.FT_HEXSTICK	这小棍子看着吓人，但实际上也很吓人！	
STRINGS.CHARACTERS.GENERIC.DESCRIBE.FT_PINEAPPLE_FAIRY	好帮手，她会帮我照顾菠萝欸~!	
STRINGS.CHARACTERS.GENERIC.DESCRIBE.FT_WHEAT_SEED	一颗微小的生命火花，注定会消逝	
STRINGS.CHARACTERS.GENERIC.DESCRIBE.FARM_PLANT_FT_MANGOSTEEN	希望它可以培育出小精灵。	
STRINGS.CHARACTERS.GENERIC.DESCRIBE.MOOSE3	那是一只大鸟……还是一头鹿？	
STRINGS.CHARACTERS.GENERIC.DESCRIBE.CATCOON2	一个淘气的小家伙，最好盯紧点。	
STRINGS.CHARACTERS.GENERIC.DESCRIBE.FT_STRAWBERRY_SEEDS	种在地里会有意外收获。	
STRINGS.CHARACTERS.GENERIC.DESCRIBE.FT_BUILDSTAFF	又是魔法的力量	
STRINGS.CHARACTERS.GENERIC.DESCRIBE.FT_WANXIANGBAG	真好用的小包包~	
STRINGS.CHARACTERS.GENERIC.DESCRIBE.FT_BUNDLEWRAP	这是瓶子，还是一个小行李箱？	
STRINGS.CHARACTERS.GENERIC.DESCRIBE.TURF_FT_TURF2	格子地砖2	
STRINGS.CHARACTERS.GENERIC.DESCRIBE.THSJ_WINGS	精灵女王掉落的翅膀	
STRINGS.CHARACTERS.GENERIC.DESCRIBE.FT_LOTUSSTATUE	来自于童话故事的魔法	
STRINGS.CHARACTERS.GENERIC.DESCRIBE.FT_AVOCADO_FAIRY	好帮手，她会帮我照顾牛油果欸~!	
STRINGS.CHARACTERS.GENERIC.DESCRIBE.GRANARY_NC_BUILT	储粮能手！	
STRINGS.CHARACTERS.GENERIC.DESCRIBE.FT_COIN	看起来要把箱子填满才行	
STRINGS.CHARACTERS.GENERIC.DESCRIBE.THSJ_TMB	沛玲姐姐很喜欢这个鞭子	
STRINGS.CHARACTERS.GENERIC.DESCRIBE.FT_COFFEETABLE	一个会发光的茶几	
STRINGS.CHARACTERS.GENERIC.DESCRIBE.FT_SUNFLOWER	向日葵可不只是美丽的花，还有不屈的意志	
STRINGS.CHARACTERS.GENERIC.DESCRIBE.NOCHANGXIAOWU0	小动物的工作间~	
STRINGS.CHARACTERS.GENERIC.DESCRIBE.FT_TASK_MAIL	工会邮箱	
STRINGS.CHARACTERS.GENERIC.DESCRIBE.FT_PINEAPPLE	清爽可口。	
STRINGS.CHARACTERS.GENERIC.DESCRIBE.FT_STONECONTAINER	是个奇形怪状的箱子呢	
STRINGS.CHARACTERS.GENERIC.DESCRIBE.FT_BEARGER_EGG	熊獾蛋	
STRINGS.CHARACTERS.GENERIC.DESCRIBE.FT_STRAWBERRY_OVERSIZED_ROTTEN	我不该放着它不管的，它快要消失了。	
STRINGS.CHARACTERS.GENERIC.DESCRIBE.FT_NAVIGATION	这里有童话镇的导游小松鼠耶~！	
STRINGS.CHARACTERS.GENERIC.DESCRIBE.FT_GRAPEFRUIT_TREE_EMPTY	会发光的西柚树耶~！	
STRINGS.CHARACTERS.GENERIC.DESCRIBE.FT_STRAWBERRY_OVERSIZED_WAXED	这么可爱，我都不忍心吃了怎么办。	
STRINGS.CHARACTERS.GENERIC.DESCRIBE.FT_CANDLEFLOWER	捕捉小精灵种在地上	
STRINGS.CHARACTERS.GENERIC.DESCRIBE.FT_STRAWBERRY	清爽可口。	
STRINGS.CHARACTERS.GENERIC.DESCRIBE.FT_MUD	脏兮兮的，但是可以施肥	
STRINGS.CHARACTERS.GENERIC.DESCRIBE.FT_CANDLEFLOWER_ITEM	烛花的掉落物	
STRINGS.CHARACTERS.GENERIC.DESCRIBE.FT_HOTPOT	火锅一起吃才香！	
STRINGS.CHARACTERS.GENERIC.DESCRIBE.FT_AUTUMNHAT	是崇子从异时空带回来的	
STRINGS.CHARACTERS.GENERIC.DESCRIBE.FT_LICHEE_OVERSIZED_ROTTEN	我不该放着它不管的，它快要消失了。	
STRINGS.CHARACTERS.GENERIC.DESCRIBE.FT_SUNFLOWERSEEDS_DRY	吃瓜必备，小心上火	
STRINGS.CHARACTERS.GENERIC.DESCRIBE.TURF_FT_TURF13	深灰大格子地板	
STRINGS.CHARACTERS.GENERIC.DESCRIBE.FT_CHERRY_SEEDS	种在地里会有意外收获。	
STRINGS.CHARACTERS.GENERIC.DESCRIBE.FT_BEARGER_FACTORY	熊獾木材厂	
STRINGS.CHARACTERS.GENERIC.DESCRIBE.COMMAND_STAFF	有了这个，我就是混乱的指挥大师！	
STRINGS.CHARACTERS.GENERIC.DESCRIBE.FT_HJMHAMMER	你没有麻麻吗？我带你回家好了~	
STRINGS.CHARACTERS.GENERIC.DESCRIBE.FT_FOXBAG	这柔软的粉色，让我想起了那些飘在记忆深处的梦……好安宁	
STRINGS.CHARACTERS.GENERIC.DESCRIBE.FT_CHERRY_COOKED	烤水果？怪怪的味道。	
STRINGS.CHARACTERS.GENERIC.DESCRIBE.FT_YELLOWPEACH_TREE_FULL	会发光的黄桃树耶~！	
STRINGS.CHARACTERS.GENERIC.DESCRIBE.FT_DEERCLOPS_EGG	独眼巨鹿蛋	
STRINGS.CHARACTERS.GENERIC.DESCRIBE.FT_YELLOWPEACH_TREE_EMPTY	会发光的黄桃树耶~！	
STRINGS.CHARACTERS.GENERIC.DESCRIBE.FT_FOUNTAIN	我想投一枚童话币许个愿	
STRINGS.CHARACTERS.GENERIC.DESCRIBE.FT_YELLOWPEACH_TREE	会发光的黄桃树耶~！	
STRINGS.CHARACTERS.GENERIC.DESCRIBE.FT_ROASTER	烘焙~~嗡嗡嗡	
STRINGS.CHARACTERS.GENERIC.DESCRIBE.FT_CARAMBOLA_TREE	会发光的杨桃树耶~！	
STRINGS.CHARACTERS.GENERIC.DESCRIBE.FT_SWING	小秋千，晃呀晃~	
STRINGS.CHARACTERS.GENERIC.DESCRIBE.FT_WISHSTICK	祈福好运，上上签！	
STRINGS.CHARACTERS.GENERIC.DESCRIBE.FT_MANGO_OVERSIZED_ROTTEN	我不该放着它不管的，它快要消失了。	
STRINGS.CHARACTERS.GENERIC.DESCRIBE.FT_ALTAR	献祭材料：杨桃*600、晶粒*100、晶矿*200	
STRINGS.CHARACTERS.GENERIC.DESCRIBE.FT_TENTACLE_UMBRELLA	破什么……伞？	
STRINGS.CHARACTERS.GENERIC.DESCRIBE.FT_TRADINGBANK	兑换童话币的地方	
STRINGS.CHARACTERS.GENERIC.DESCRIBE.FT_FIREPLACE	暖呼呼的~	
STRINGS.CHARACTERS.GENERIC.DESCRIBE.FT_GRAPEFRUIT_TREE_SMALL	会发光的西柚树耶~！	
STRINGS.CHARACTERS.GENERIC.DESCRIBE.FT_YELLOWPEACH_TREE_SMALL	会发光的黄桃树耶~！	
STRINGS.CHARACTERS.GENERIC.DESCRIBE.TURF_FT_TURF4	花朵地板	
STRINGS.CHARACTERS.GENERIC.DESCRIBE.THSJ_BFSGGT	回血罐头	
STRINGS.CHARACTERS.GENERIC.DESCRIBE.FT_CARAMBOLA_TREE_FULL	会发光的杨桃树耶~！	
STRINGS.CHARACTERS.GENERIC.DESCRIBE.FT_CLOCK	想提醒什么	
STRINGS.CHARACTERS.GENERIC.DESCRIBE.TURF_FT_TURF12	沙地1	
STRINGS.CHARACTERS.GENERIC.DESCRIBE.FT_VICIOUSHAT2	我知道你刀子嘴豆腐心	
STRINGS.CHARACTERS.GENERIC.DESCRIBE.FT_MANGOSTEEN	清爽可口。	
STRINGS.CHARACTERS.GENERIC.DESCRIBE.FT_STRAWBERRY_OVERSIZED	这么可爱，我都不忍心吃了怎么办。	
STRINGS.CHARACTERS.GENERIC.DESCRIBE.TURF_FT_TURF11	青色石头路	
STRINGS.CHARACTERS.GENERIC.DESCRIBE.FT_CHERRY_OVERSIZED_WAXED	这么可爱，我都不忍心吃了怎么办。	
STRINGS.CHARACTERS.GENERIC.DESCRIBE.FT_SUNFLOWER_DUG	得找个地方把它种下去	
STRINGS.CHARACTERS.GENERIC.DESCRIBE.FT_BREAD_DRY	需要点水……或者汤也不错	
STRINGS.CHARACTERS.GENERIC.DESCRIBE.FT_BUCKET_FULL	装水的木桶	
STRINGS.CHARACTERS.GENERIC.DESCRIBE.FT_PISTACHIOSEEDS_DRY	休闲必备，小心上火	
STRINGS.CHARACTERS.GENERIC.DESCRIBE.FT_PLANTMA	奶奶您今天又年轻了~！	
STRINGS.CHARACTERS.GENERIC.DESCRIBE.FT_SINK	洗手手~去细菌~	
STRINGS.CHARACTERS.GENERIC.DESCRIBE.FT_SHOWER	洗香香~	
STRINGS.CHARACTERS.GENERIC.DESCRIBE.FT_BOTTLELAMP	萤火虫在努力工作~	
STRINGS.CHARACTERS.GENERIC.DESCRIBE.FT_LANTERN	晶粒正在燃烧	
STRINGS.CHARACTERS.GENERIC.DESCRIBE.FT_PIANO	我也想试试~	
STRINGS.CHARACTERS.GENERIC.DESCRIBE.FT_BED	终于有床可以睡觉了~	
STRINGS.CHARACTERS.GENERIC.DESCRIBE.FT_PEBBLE_ITEM	一个安静的鹅卵石	
STRINGS.CHARACTERS.GENERIC.DESCRIBE.FT_PEBBLE	花架~放好多花~	
STRINGS.CHARACTERS.GENERIC.DESCRIBE.FT_POTTEDPLANT	花朵正在盛开~	
STRINGS.CHARACTERS.GENERIC.DESCRIBE.FT_DRAGONFLY_FACTORY_2	龙蝇熔炉	
STRINGS.CHARACTERS.GENERIC.DESCRIBE.FT_MANGO_COOKED	烤水果？怪怪的味道。	
STRINGS.CHARACTERS.GENERIC.DESCRIBE.FT_MEDICINE_HAPPY	喝下去会开心~	
STRINGS.CHARACTERS.GENERIC.DESCRIBE.FT_MEDICINE_HEALTH	回血药剂	
STRINGS.CHARACTERS.GENERIC.DESCRIBE.FT_FUNGITREE	一个充满神秘的巨大真菌	
STRINGS.CHARACTERS.GENERIC.DESCRIBE.FT_LOTUSLEAF_ITEM	小荷叶	
STRINGS.CHARACTERS.GENERIC.DESCRIBE.FT_LOTUSLEAF	小荷叶	
STRINGS.CHARACTERS.GENERIC.DESCRIBE.FT_MAGICHOUSE	一个充满魔法奇迹的商店。看看有什么卖的！	
STRINGS.CHARACTERS.GENERIC.DESCRIBE.FT_CITYHALL	镇长小屋	
STRINGS.CHARACTERS.GENERIC.DESCRIBE.FT_POTION_GREEN	喝下这个，感觉一切都变得简单了！	
STRINGS.CHARACTERS.GENERIC.DESCRIBE.FT_MANGO_FAIRY	好帮手，她会帮我照顾芒果欸~!	
STRINGS.CHARACTERS.GENERIC.DESCRIBE.FT_POTION_RED	如果它能让我更强，我才不问它的成分是什么	
STRINGS.CHARACTERS.GENERIC.DESCRIBE.FT_TENT	大家一起搭建的营地帐篷	
STRINGS.CHARACTERS.GENERIC.DESCRIBE.FT_DISPLAYCASE	物品展示柜，箱子	
STRINGS.CHARACTERS.GENERIC.DESCRIBE.FT_HOTPOT_ITEM	火锅一起吃才香！	
STRINGS.CHARACTERS.GENERIC.DESCRIBE.FT_CRYSTALORE	又重又亮，充满潜力。	
STRINGS.CHARACTERS.GENERIC.DESCRIBE.FT_CRYSTALGRAIN	闪闪发光的微小颗粒	
STRINGS.CHARACTERS.GENERIC.DESCRIBE.FT_BREAD	外脆内软，完美的面包！	
STRINGS.CHARACTERS.GENERIC.DESCRIBE.FT_WHEAT_PLANT	是小麦！文明的基石	
STRINGS.CHARACTERS.GENERIC.DESCRIBE.FT_WHEAT	我们或许可以用它烤些面包	
STRINGS.CHARACTERS.GENERIC.DESCRIBE.FT_SWING_DOUBLE	小秋千，晃呀晃~	
STRINGS.CHARACTERS.GENERIC.DESCRIBE.FT_STONESWORD2	一把被困在石头中的剑……就像我的心被悲伤束缚一样	
STRINGS.CHARACTERS.GENERIC.DESCRIBE.FT_ELEPHANTSPRINKLER	帮了我大忙！！	
STRINGS.CHARACTERS.GENERIC.DESCRIBE.FENCE_NC_BUILT	看起来能拦住一只兔子吧。可能可以。	
STRINGS.CHARACTERS.GENERIC.DESCRIBE.BREEDINGBOX_NC_BUILT	小动物会按照种子摆放的规则种植哦	
STRINGS.CHARACTERS.GENERIC.DESCRIBE.BREEDINGBOX_NC	小动物会按照种子摆放的规则种植哦	
STRINGS.CHARACTERS.GENERIC.DESCRIBE.NOCHANGXIAOWU	小动物的工作间~	
STRINGS.CHARACTERS.GENERIC.DESCRIBE.TURF_FT_TURF15	深灰格子地板	
STRINGS.CHARACTERS.GENERIC.DESCRIBE.TURF_FT_TURF14	深灰地板	
STRINGS.CHARACTERS.GENERIC.DESCRIBE.FT_ZHAOZI	一只可爱的小精灵	
STRINGS.CHARACTERS.GENERIC.DESCRIBE.TURF_FT_TURF10	浅灰格子地板	
STRINGS.CHARACTERS.GENERIC.DESCRIBE.TURF_FT_TURF9	浅灰地板	
STRINGS.CHARACTERS.GENERIC.DESCRIBE.TURF_FT_TURF8	棱形地板	
STRINGS.CHARACTERS.GENERIC.DESCRIBE.TURF_FT_TURF6	花色石头路	
STRINGS.CHARACTERS.GENERIC.DESCRIBE.TURF_FT_TURF5	花色格子地板	
STRINGS.CHARACTERS.GENERIC.DESCRIBE.TURF_FT_TURF1	格子地砖1	
STRINGS.CHARACTERS.GENERIC.DESCRIBE.FT_DEERCLOPS	独眼巨鹿宝宝	
STRINGS.CHARACTERS.GENERIC.DESCRIBE.FT_DRAGONFLY	龙蝇宝宝	
STRINGS.CHARACTERS.GENERIC.DESCRIBE.FT_BEARGER_FACTORY_BROKEN	熊獾木材厂	
STRINGS.CHARACTERS.GENERIC.DESCRIBE.FT_DEERCLOPS_ICEBOX_1	可修复	
STRINGS.CHARACTERS.GENERIC.DESCRIBE.FT_DRAGONFLY_FACTORY_1	龙蝇熔炉	
STRINGS.CHARACTERS.GENERIC.DESCRIBE.FT_PISTACHIO_DUG	得找个地方把它种下去	
STRINGS.CHARACTERS.GENERIC.DESCRIBE.FT_YELLOWPEACH_SEEDS_COOKED	烤黄桃种子	
STRINGS.CHARACTERS.GENERIC.DESCRIBE.FT_YELLOWPEACH_SEEDS	黄桃种子	
STRINGS.CHARACTERS.GENERIC.DESCRIBE.FT_CITRUS	会发光的黄桃耶~！	
STRINGS.CHARACTERS.GENERIC.DESCRIBE.FT_YELLOWPEACH_COOKED	烤黄桃~！	
STRINGS.CHARACTERS.GENERIC.DESCRIBE.FT_POTION_BLUE	希望我不会跑太快摔倒。	
STRINGS.CHARACTERS.GENERIC.DESCRIBE.FT_YELLOWPEACH_TREE_LARGE	会发光的黄桃树耶~！	
STRINGS.CHARACTERS.GENERIC.DESCRIBE.FT_GRAPEFRUIT_SEEDS_COOKED	烤西柚种子	
STRINGS.CHARACTERS.GENERIC.DESCRIBE.THSJ_BLF	一碗吃个大饱！量大管够！	
STRINGS.CHARACTERS.GENERIC.DESCRIBE.FT_GRAPEFRUIT_TREE_FULL	会发光的西柚树耶~！	
STRINGS.CHARACTERS.GENERIC.DESCRIBE.FT_GRAPEFRUIT_TREE_LARGE	会发光的西柚树耶~！	
STRINGS.CHARACTERS.GENERIC.DESCRIBE.FT_GRAPEFRUIT_TREE	会发光的西柚树耶~！	
STRINGS.CHARACTERS.GENERIC.DESCRIBE.FT_CARAMBOLA_SEEDS	烤杨桃种子	
STRINGS.CHARACTERS.GENERIC.DESCRIBE.FT_HJMWELL	这只喵喵被困在水井上了？	
STRINGS.CHARACTERS.GENERIC.DESCRIBE.FT_CARAMBOLA_TREE_EMPTY	会发光的杨桃树耶~！	
STRINGS.CHARACTERS.GENERIC.DESCRIBE.FT_VICIOUSHAT	话痨宝宝你好	
STRINGS.CHARACTERS.GENERIC.DESCRIBE.FT_CARAMBOLA_TREE_SMALL	会发光的杨桃树耶~！	
STRINGS.CHARACTERS.GENERIC.DESCRIBE.FT_YOLII	她是童话镇的镇长	
STRINGS.CHARACTERS.GENERIC.DESCRIBE.FT_MANGOSTEEN_FAIRY	好帮手，她会帮我照顾山竹欸~!	
STRINGS.CHARACTERS.GENERIC.DESCRIBE.FT_GRAPEFRUIT	会发光的西柚耶~！	
STRINGS.CHARACTERS.GENERIC.DESCRIBE.THSJ_FMYZC	降暑蜂蜜柚子茶	
STRINGS.CHARACTERS.GENERIC.DESCRIBE.THSJ_YZGL	累了困了喝杨枝甘露~干活贼有劲~	
STRINGS.CHARACTERS.GENERIC.DESCRIBE.THSJ_PTJ	小小的尝一口，微醺很不错~	
STRINGS.CHARACTERS.GENERIC.DESCRIBE.FARM_PLANT_FT_CHERRY	希望它可以培育出小精灵。	
STRINGS.CHARACTERS.GENERIC.DESCRIBE.FT_PILLAR_1	是一个会发光的柱子耶	
STRINGS.CHARACTERS.GENERIC.DESCRIBE.FT_HOMESIGN	它好像想告诉我点什么	
STRINGS.CHARACTERS.GENERIC.DESCRIBE.FT_TELEGATE_GREEN	传送门耶～	
STRINGS.CHARACTERS.GENERIC.DESCRIBE.FT_AVOCADO_COOKED	烤水果？怪怪的味道。	
STRINGS.CHARACTERS.GENERIC.DESCRIBE.FT_AVOCADO_OVERSIZED_WAXED	这么可爱，我都不忍心吃了怎么办。	
STRINGS.CHARACTERS.GENERIC.DESCRIBE.FT_AVOCADO_OVERSIZED_ROTTEN	我不该放着它不管的，它快要消失了。	
STRINGS.CHARACTERS.GENERIC.DESCRIBE.FARM_PLANT_FT_AVOCADO	希望它可以培育出小精灵。	
STRINGS.CHARACTERS.GENERIC.DESCRIBE.FT_AVOCADO_SEEDS	种在地里会有意外收获。	
STRINGS.CHARACTERS.GENERIC.DESCRIBE.FT_MANGO_OVERSIZED	这么可爱，我都不忍心吃了怎么办。	
STRINGS.CHARACTERS.GENERIC.DESCRIBE.FT_MANGO_DRIED	甜甜的吃了会开心~	
STRINGS.CHARACTERS.GENERIC.DESCRIBE.FT_MANGO	清爽可口。	
STRINGS.CHARACTERS.GENERIC.DESCRIBE.FARM_PLANT_FT_MANGO	希望它可以培育出小精灵。	
STRINGS.CHARACTERS.GENERIC.DESCRIBE.FT_MANGO_SEEDS	种在地里会有意外收获。	
STRINGS.CHARACTERS.GENERIC.DESCRIBE.FT_MANGOSTEEN_OVERSIZED	这么可爱，我都不忍心吃了怎么办。	
STRINGS.CHARACTERS.GENERIC.DESCRIBE.FT_MANGOSTEEN_COOKED	烤水果？怪怪的味道。	
STRINGS.CHARACTERS.GENERIC.DESCRIBE.FT_MANGOSTEEN_SEEDS	种在地里会有意外收获。	
STRINGS.CHARACTERS.GENERIC.DESCRIBE.FT_PINEAPPLE_OVERSIZED_ROTTEN	我不该放着它不管的，它快要消失了。	
STRINGS.CHARACTERS.GENERIC.DESCRIBE.FT_PINEAPPLE_SEEDS	种在地里会有意外收获。	
STRINGS.CHARACTERS.GENERIC.DESCRIBE.FT_LICHEE_FAIRY	好帮手，她会帮我照顾荔枝欸~!	
STRINGS.CHARACTERS.GENERIC.DESCRIBE.FT_LICHEE_COOKED	烤水果？怪怪的味道。	
STRINGS.CHARACTERS.GENERIC.DESCRIBE.FT_LICHEE_SEEDS	种在地里会有意外收获。	
STRINGS.CHARACTERS.GENERIC.DESCRIBE.FT_STRAWBERRY_COOKED	烤水果？怪怪的味道。	
STRINGS.CHARACTERS.GENERIC.DESCRIBE.FT_CHERRY_FAIRY	好帮手，她会帮我照顾樱桃欸~!	
STRINGS.CHARACTERS.GENERIC.DESCRIBE.FT_CHERRY_OVERSIZED	这么可爱，我都不忍心吃了怎么办。	
STRINGS.CHARACTERS.GENERIC.DESCRIBE.FT_CHERRY	清爽可口。	
STRINGS.CHARACTERS.GENERIC.DESCRIBE.FT_WORK_ROBOT	阿多	
STRINGS.CHARACTERS.GENERIC.DESCRIBE.TURF_FT_TURF3	格子地砖3	
STRINGS.CHARACTERS.GENERIC.DESCRIBE.FT_MANGO_OVERSIZED_WAXED	这么可爱，我都不忍心吃了怎么办。	
STRINGS.CHARACTERS.GENERIC.DESCRIBE.FT_CRYSTAL	一块闪亮又神秘的晶矿石，一定能派上用场。	
STRINGS.CHARACTERS.GENERIC.DESCRIBE.FT_AVOCADO	清爽可口。	
STRINGS.CHARACTERS.GENERIC.DESCRIBE.FT_LICHEE	清爽可口。	
STRINGS.CHARACTERS.GENERIC.DESCRIBE.FT_PLANTMA_CART	看起来要把箱子填满才行	
STRINGS.CHARACTERS.GENERIC.DESCRIBE.FT_GRAPEFRUIT_SEEDS	西柚种子	
STRINGS.CHARACTERS.GENERIC.DESCRIBE.FT_GREATLOG	是熊獾宝宝加工的！	
STRINGS.CHARACTERS.GENERIC.DESCRIBE.FT_CARAMBOLA_COOKED	烤杨桃~！	
STRINGS.CHARACTERS.GENERIC.DESCRIBE.FT_TREELAMP	周围都亮起来了~	
STRINGS.CHARACTERS.GENERIC.DESCRIBE.FT_GRAPEFRUIT_COOKED	烤西柚~！	
STRINGS.CHARACTERS.GENERIC.DESCRIBE.FT_MEDICINE_STRONG	强壮药水~	
STRINGS.CHARACTERS.GENERIC.DESCRIBE.FENCE_NC	看起来能拦住一只兔子吧。可能可以。	
STRINGS.CHARACTERS.GENERIC.DESCRIBE.FT_BOOKCASE	魔法会修复书籍	
STRINGS.CHARACTERS.GENERIC.DESCRIBE.FT_HJMHOUSE	喵屋	
STRINGS.CHARACTERS.GENERIC.DESCRIBE.FT_FLOWERRACK	花架~放好多花~	
STRINGS.CHARACTERS.GENERIC.DESCRIBE.FARM_PLANT_FT_PINEAPPLE	希望它可以培育出小精灵。	
STRINGS.CHARACTERS.GENERIC.DESCRIBE.FT_MAGICSTONE	看上去充满魔法	
STRINGS.CHARACTERS.GENERIC.DESCRIBE.FT_FESTIVALHAT	恭喜发财，红包拿来	
STRINGS.CHARACTERS.GENERIC.DESCRIBE.FT_BEACHUMBRELLA	喝下午茶的好地方	
STRINGS.CHARACTERS.GENERIC.DESCRIBE.THSJ_FEILIAO	植物宝宝们最喜欢的营养包~	
STRINGS.CHARACTERS.GENERIC.DESCRIBE.FT_DEERCLOPS_ICEBOX_2	是冰库耶~食物可以保鲜了~	
STRINGS.CHARACTERS.GENERIC.DESCRIBE.FT_LICHEE_OVERSIZED_WAXED	这么可爱，我都不忍心吃了怎么办。	
STRINGS.CHARACTERS.GENERIC.DESCRIBE.FT_ARTCRAFT	装饰品~	
STRINGS.CHARACTERS.GENERIC.DESCRIBE.FT_BEARGER	熊獾宝宝	
STRINGS.CHARACTERS.GENERIC.DESCRIBE.FT_MAGICSTAFF	看起来它能解决很多问题……	
STRINGS.CHARACTERS.GENERIC.DESCRIBE.FT_CARPET	毛茸茸的大地毯	
STRINGS.CHARACTERS.GENERIC.DESCRIBE.FT_LICHEE_OVERSIZED	这么可爱，我都不忍心吃了怎么办。	
STRINGS.CHARACTERS.GENERIC.DESCRIBE.FT_CHARCOAL	是龙蝇宝宝加工的！	
STRINGS.CHARACTERS.GENERIC.DESCRIBE.FT_MANGOSTEEN_OVERSIZED_WAXED	这么可爱，我都不忍心吃了怎么办。	
STRINGS.CHARACTERS.GENERIC.DESCRIBE.FT_CARAMBOLA_TREE_LARGE	会发光的杨桃树耶~！	
STRINGS.CHARACTERS.GENERIC.DESCRIBE.FT_CHERRY_OVERSIZED_ROTTEN	我不该放着它不管的，它快要消失了。	
STRINGS.CHARACTERS.GENERIC.DESCRIBE.FT_SUNFLOWERSEEDS	似乎烘烤一下味道更香	
STRINGS.CHARACTERS.GENERIC.DESCRIBE.FT_PISTACHIOSEEDS	似乎烘烤一下味道更香	
